spec_id,features,K_Y_h8,K_G_h8,cumulative_output_to_spending_ratio_h8,mu_Y_incremental,mu_G_incremental,nobs,country_n,year_min_effective,year_max_effective
F01,trade,1.838266012,0.694029346,2.648686288,0.342711654,0.075473678,351,27,2004,2016
F03,liq,2.157943546,0.746007664,2.892656002,0.384145160,0.046344447,351,27,2004,2016
